Project Name,RP Start,RP End (FullCAM),D30 Cumulative,Net Abatement (Î”D30),Calculated ACCU
Coalara Park Australian Sandalwood Plantation Project,1/07/2022,2/07/2023,1326.706351,1326.706351,1326.706351
Coalara Park Australian Sandalwood Plantation Project,1/07/2023,2/07/2024,4897.557905,3570.851554,3570.851554
Coalara Park Australian Sandalwood Plantation Project,1/07/2024,2/07/2025,11046.45003,6148.89212,6148.89212
Coalara Park Australian Sandalwood Plantation Project,1/07/2025,2/07/2026,19287.1005,8240.650477,8240.650477
Coalara Park Australian Sandalwood Plantation Project,1/07/2026,2/07/2027,28927.84951,9640.749003,9640.749003
Coalara Park Australian Sandalwood Plantation Project,1/07/2027,2/07/2028,39354.20588,10426.35638,10426.35638
Coalara Park Australian Sandalwood Plantation Project,1/07/2028,2/07/2029,50104.35335,10750.14746,10750.14746
Coalara Park Australian Sandalwood Plantation Project,1/07/2029,2/07/2030,60859.1242,10754.77085,10754.77085
Coalara Park Australian Sandalwood Plantation Project,1/07/2030,2/07/2031,71410.01865,10550.89445,10550.89445
Coalara Park Australian Sandalwood Plantation Project,1/07/2031,2/07/2032,81602.45844,10192.43979,10192.43979
Coalara Park Australian Sandalwood Plantation Project,1/07/2032,2/07/2033,91336.55538,9734.096941,9734.096941
Coalara Park Australian Sandalwood Plantation Project,1/07/2033,2/07/2034,100621.8817,9285.326275,9285.326275
Coalara Park Australian Sandalwood Plantation Project,1/07/2034,2/07/2035,105757.5716,5135.689973,5135.689973
Coalara Park Australian Sandalwood Plantation Project,1/07/2035,2/07/2036,105757.5716,0,0
Coalara Park Australian Sandalwood Plantation Project,1/07/2036,2/07/2037,105757.5716,0,0
Coalara Park Australian Sandalwood Plantation Project,1/07/2037,2/07/2038,105757.5716,0,0
Coalara Park Australian Sandalwood Plantation Project,1/07/2038,2/07/2039,105757.5716,0,0
Coalara Park Australian Sandalwood Plantation Project,1/07/2039,2/07/2040,105757.5716,0,0
Coalara Park Australian Sandalwood Plantation Project,1/07/2040,2/07/2041,105757.5716,0,0
Coalara Park Australian Sandalwood Plantation Project,1/07/2041,2/07/2042,105757.5716,0,0
Coalara Park Australian Sandalwood Plantation Project,1/07/2042,2/07/2043,105757.5716,0,0
Coalara Park Australian Sandalwood Plantation Project,1/07/2043,2/07/2044,105757.5716,0,0
Coalara Park Australian Sandalwood Plantation Project,1/07/2044,2/07/2045,105757.5716,0,0
